id,part,qty,make_buy,process_mpn,supplier,unit_eur_at1,unit_eur_at10,unit_eur_at50,price_tag,source,lead_time,ce_document,group,in_total
A01_floor_pan,Floor pan,1,make,laser 5 mm S355MC + PEM M6 + powder coat,laser/sheet-metal shop TV/PD (quote) / LaserBoost,130,70,50,ESTIMATE,estimate,2-4 wk,-,base,Y
A02_top_deck,Top deck = superstructure flange (z 353),1,make,waterjet 10 mm 6082-T6 + CNC (column-foot M6 + coffee-upright holes as old P01),CNC shop Veneto / Weerg (Scorze VE),400,225,165,ESTIMATE,estimate,2-4 wk (Weerg from 3 d),-,base,Y
A03_spine_R,"Spine R (DIN bay, safety)",1,make,waterjet 6 mm 6082-T6 + tapped M5/M6 rows,CNC shop Veneto,110,55,38,ESTIMATE,estimate,2-3 wk,-,base,Y
A03_spine_L,"Spine L (DIN bay, power)",1,make,waterjet 6 mm 6082-T6 + tapped M5/M6 rows,CNC shop Veneto,110,55,38,ESTIMATE,estimate,2-3 wk,-,base,Y
A04_post_*,"Post 30x30x3 (FL/FR/RL at (±360, ±106); RR replaced by bracket A07)",3,make,"tube EN 755-2 6082, cut + drill",sheet-metal/CNC shop Veneto,25,10,6,ESTIMATE,estimate,2 wk,-,base,Y
A05_tower_roof_*,"Tower roof 6 mm S355MC, no legs (castor bump-stop landing + scanner seat FR/RL), bent flange to the spine stub",4,make,laser + bend 6 mm S355MC + machined scanner seat + paint,welding shop TV/PD,60,28,18,ESTIMATE,estimate,3-4 wk,-,base,Y
A06_corner_bracket_FL,Corner bracket FL (spine extension: corner rail for U7 + roof support),1,make,waterjet 6 mm 6082-T6 + tap M5,CNC shop Veneto / Weerg,35,15,9,ESTIMATE,estimate,2 wk,-,base,Y
A07_corner_bracket_RR,Corner bracket RR (corner rail for U8 + roof + deck corner; replaces the RR post),1,make,waterjet 6 mm 6082-T6 + tap M5,CNC shop Veneto / Weerg,40,17,10,ESTIMATE,estimate,2 wk,-,base,Y
A08_rail_bracket_RL,Rail bracket RL (left HIGH rail extension above the RL scanner),1,make,waterjet 6 mm 6082-T6 + tap M5,CNC shop Veneto / Weerg,25,10,6,ESTIMATE,estimate,2 wk,-,base,Y
D02_swd_mount_spacer_*,SWD mount spacer (R/L),2,make,waterjet/laser 4 mm 6082,Weerg / CNC shop,15,6,3,ESTIMATE,estimate,1-2 wk,-,base,Y
B02_battery_pad_*,Battery pad EPDM 3 mm (F/R),2,make,die-cut EPDM 3 mm,rubber die-cutter Veneto,15,6,3,ESTIMATE,estimate,2 wk,-,base,Y
B03_battery_strap_*,Battery strap (F0/F1/R0/R1),4,make,laser 3 mm 5754 + 2 bends,Weerg (5754 cut) + local bending,20,7,4,ESTIMATE,estimate,1-2 wk,-,base,Y
K01_cover_F,Cover front,1,make,laser + bend 2 mm 5754 + powder RAL 9016 + tricolour band,sheet-metal + powder coater TV,110,31,19,ESTIMATE,estimate,3 wk,-,base,Y
K02_cover_R,Cover rear (fan exhaust + rear panel devices),1,make,laser + bend 2 mm 5754 + powder RAL 9016,sheet-metal + powder coater TV,110,31,19,ESTIMATE,estimate,3 wk,-,base,Y
K03_cover_L,Cover left (fan intake),1,make,laser + bend 2 mm 5754 + powder RAL 9016,sheet-metal + powder coater TV,110,31,19,ESTIMATE,estimate,3 wk,-,base,Y
K04_cover_Rt,Cover right (fan intake),1,make,laser + bend 2 mm 5754 + powder RAL 9016,sheet-metal + powder coater TV,110,31,19,ESTIMATE,estimate,3 wk,-,base,Y
K05_rubber_edge,Rubber edge EPDM 22 mm,1,buy,extruded EPDM profile by the metre + bonding,seal distributor,40,25,18,ESTIMATE,estimate,1 wk,-,base,Y
D01_ezwheel_SWD125_*,ez-Wheel SWD 125 (R/L),2,buy,"EW2A-125HN04B (4:1, brake, safety encoder)",Generation Robots (FR) or ez-Wheel direct; no IT distributor confirmed,2333,2100,1900,SECONDARY,https://www.generationrobots.com/en/404239-swd-125-safety-wheel-drive.html (@1 SECONDARY; @10/@50 ESTIMATE -10/-19 %),~8 wk,DoI + functional-safety certificate (INERIS) + assembly instructions,base,Y
C01_castor_*_Blickle_L-ALST_80K,"Swivel castor Blickle L-ALST 80K (ID 754464): D80 x 30 Softhane 75 ShA, 200 kg @ 4 km/h, 500 kg static, H 102, offset 38",4,buy,Blickle L-ALST 80K (754464),Blickle Italia,30,27,24,QUOTE,"blickle.com/product/l-alst-80k-754464 (technical data SOURCED, docs/fonti); price not published (Blickle/HIWIN B2B): QUOTE needed; value = ESTIMATE used for the totals only",2-4 wk,manufacturer data,base,Y
C02_castor_carriage_*,"Castor carriage weldment (carriage plate + tongue + mast + shelf), FL/RR and FR/RL mirror variants",4,make,laser 6/8 mm S355MC + weld + zinc flake,welding shop TV/PD,60,40,30,ESTIMATE,CASTOR_SUSPENSION.md s.7 (EUR 35-60),3-4 wk,-,base,Y
C03_bump_pad_*,"PU bump pad 30 x 30 x 3, 90 ShA, bonded",4,buy,PU sheet die-cut,rubber/PU converter,1,0.8,0.6,ESTIMATE,estimate,1 wk,-,base,Y
C04_springs_D-313J-02,"Compression spring Gutekunst D-313J-02 (d 3.6, De 31.6, L0 53.9, R 14.172 N/mm), 2 per castor",8,buy,Gutekunst D-313J-02,Gutekunst Federn (federnshop.com),12.37,1.66,1.39,SOURCED,"federnshop.com D-313J-02 scaled prices: 1 pc EUR 12.37, >= 17 pcs 1.66, >= 37 pcs 1.39 (docs/fonti datasheet)",1 wk,manufacturer data,base,Y
C05_spring_bracket_*,"Spring bracket (8 mm S355MC, bent, vertical M6 slots for the preload setting)",4,make,laser + bend 8 mm S355MC + zinc flake,sheet-metal shop TV/PD,12,9,7,ESTIMATE,CASTOR_SUSPENSION.md s.7 (EUR 8-12),2 wk,-,base,Y
C06_droop_stop_*,Droop stop: rubber buffer d20 x 10 M6 + 4 mm angle,4,buy,rubber buffer type A d20x10 + angle,industrial distributor,4,3,2.5,ESTIMATE,CASTOR_SUSPENSION.md s.7 (EUR 3),1 wk,-,base,Y
C07_rail_MGN15R_L190,"Linear guide rail HIWIN MGN15R, L 190 (15 + 4 x 40 + 15)",4,buy,HIWIN MGN15R L190,HIWIN Italia / distributor,25,20,17,QUOTE,"HIWIN catalogue G99TE24-2410 p.91 (technical data SOURCED, docs/fonti); price not published (HIWIN B2B): QUOTE needed; value = ESTIMATE used for the totals only",2-4 wk,manufacturer data,base,Y
C08_blocks_MGN15H,"Linear guide block HIWIN MGN15H (Z0, standard seals), 2 per castor",8,buy,HIWIN MGN15H,HIWIN Italia / distributor,30,25,21,QUOTE,"HIWIN catalogue G99TE24-2410 p.91 (C 6.37 kN, C0 9.11 kN SOURCED); price not published (HIWIN B2B): QUOTE needed; value = ESTIMATE used for the totals only",2-4 wk,manufacturer data,base,Y
C09_castor_fasteners_set,"Castor fasteners: 16 x M8x16 ISO 10642 10.9, 20 x M3x10, 32 x M3x8, 16 x M6, Loctite 243",1,buy,ISO 10642 / ISO 4762,fastener distributor,10,8,6,ESTIMATE,CASTOR_SUSPENSION.md s.7,1 wk,-,base,Y
B01_battery_*_DLP-GC2-48V,"Discover AES PRO DLP-GC2-48V (F/R), lying on its side, >= 50 mm free at the top cover, hold-downs",2,buy,DLP-GC2-48V LFP 51.2 V 30 Ah,Discover EU distributor (to identify),930,880,820,ESTIMATE,"USD 1,009 (CONTEXT.md, SECONDARY) x 0.92 FX ASSUMED; @10/@50 ESTIMATE. Ratings per pack 15 A cont / 58 A 1 h / 90 A 10 s (Discover 805-0027, SOURCED)",4-8 wk,DoC + UN 38.3 summary + IEC 62619 certificate,base,Y
G01_lynk_gateway,"Discover LYNK II gateway G01 (120 x 135 x 44 mm on bracket E38b, right bay; relay R1 NO energised = OK in the K0 coil chain; R3 -> PNOZ; CAN to PCAN)",1,buy,950-0025,Discover EU distributor,350,330,300,ESTIMATE,"electrical/netlist_amr.yaml G01 (ASSUMED 350); relay 0-30 V DC 5 A SOURCED (LYNK II Relay Guide, VERIFICATION D4/D15)",4-8 wk,DoC,base,Y
E38b_LYNK_bracket,"LYNK II bracket (2 mm 5754, hung from the deck, against the right side cover)",1,make,laser + bend 2 mm 5754,sheet-metal shop TV/PD,25,10,6,ESTIMATE,estimate,2 wk,-,base,Y
S01_nanoScan3_ProIO_*,SICK nanoScan3 Pro I/O (0/1),2,buy,NANS3-CAAZ30AN1 (1100334),VB Steuerungstechnik (DE) / SICK Italia (Vimodrone MI) / DigiKey.it,2394.95,2261,2023,SECONDARY,"https://vb-steuerungstechnik.de/Sick-NANS3-CAAZ30AN1-/-1100334-/-nanoScan3-Pro-/-Safety-Laser-Scanner_1 (EUR 2,394.95 EXCL. 19 % VAT, verified on the dealer page 2026-10-05); SICK list via eibabo EUR 3,719.21 net; DigiKey.it EUR 4,004; @10/@50 ESTIMATE",1 d (DE stock) - 6 wk,DoC + TUV type-examination certificate,base,Y
S02_nanoScan3_system_plug_*,"nanoScan3 system plug NANSX-AAACZZZZ1 (2105107), 300 mm, supply + I/O",2,buy,"NANSX-AAACZZZZ1 (scanner ships without plug, SICK data sheet)",eibabo.de / SICK Italia,265.73,250,235,SECONDARY,"P/N SOURCED (SICK nanoScan3 I/O OI p.143, VERIFICATION S6); eibabo.de EUR 265.73 net SECONDARY; @10/@50 ESTIMATE",2-6 wk,DoC,base,Y
E02_estop_*,E-stop Siemens SIRIUS ACT 3SU1 (R/L): mushroom twist-release + holder + 2x 3SU1400-1AA10-1CA0 NC (positive opening),2,buy,3SU1 E-stop actuator (P/N at order) + 2x 3SU1400-1AA10-1CA0,Siemens Italia / RS / DigiKey.it,55,50,45,ESTIMATE,rev B2: replaces Eaton M22-K02 (VERIFICATION EA1: Siemens contact data SOURCED); price ESTIMATE,4 wk,DoC (EN 60947-5-5),base,Y
E41_SB1_reset_blue,Reset pushbutton blue illuminated (rear panel),1,buy,Eaton M22-DL-B + M22-K10,Eaton Italia / DigiKey.it,20,18,16,ESTIMATE,electrical/netlist_amr.yaml (estimate),2 wk,DoC,base,Y
E41_SK1_key_selector,Key selector AUTO/MANUAL/SERVICE (rear panel),1,buy,Eaton M22-WRS3 + 3x M22-K10,Eaton Italia / DigiKey.it,60,54,48,ESTIMATE,electrical/netlist_amr.yaml (estimate),2 wk,DoC,base,Y
E41_SE1_M12_pendant_socket,M12 socket for the enabling pendant (rear panel),1,buy,M12 panel socket 8-pole,Phoenix / Lapp,25,22,18,ESTIMATE,estimate,1 wk,DoC,base,Y
SE1_enabling_pendant,"Handheld pendant, 3-position enabling switch + jog (manual mode)",1,buy,"IDEC HE1G/HE5B class, M12 plug",IDEC Italia,250,225,200,ESTIMATE,electrical/netlist_amr.yaml (estimate),2-4 wk,DoC (IEC 60947-5-8),base,Y
HL1_signal_tower,Signal tower + buzzer 24 V (ISO 3691-4 warning),1,buy,Werma / Patlite class,Werma / Patlite distributor,120,105,90,ESTIMATE,electrical/netlist_amr.yaml (estimate),1-2 wk,DoC,base,Y
E01_robopad_collector_RPCOL90,"Roboteq RoboPad extendable collector RPCOL90-100 (60 A continuous; passive, no CAN; H06a <= 2 m)",1,buy,RPCOL90-100,Roboteq/Nidec direct,400,360,320,ESTIMATE,"P/N + ratings SOURCED (RoboPad datasheet v1.3, VERIFICATION R1/R2/R5); price estimate (set USD 400-900)",4-6 wk,DoC,base,Y
E03_service_disconnect_ED250B,"Albright ED250B-L key-lockable service disconnect (blowouts; no-load isolator, switch with K0 open)",1,buy,ED250B-L,Albright UK / forklift spares,150,130,110,ESTIMATE,estimate,2-6 wk,DoC,base,Y
E10_F0_fuse_NH00_100A,"Main fuse F0 Siemens 3NA3830 100 A gG size NH000 (250 V DC, 25 kA DC) in an NH00 base",1,buy,Siemens 3NA3830 + 3NH3030,Siemens / RS / DigiKey.it,40,36,32,ESTIMATE,"ratings SOURCED (Siemens 3NA3830 data sheet, VERIFICATION SI5); price estimate",1 wk,DoC,base,Y
E11_K0_contactor_SW80B_on_plate,"Main contactor K0 Albright SW80B...A (blowouts B, aux A, continuously rated 24 V DC coil) on DIN plate",1,buy,SW80B...A 24 V DC continuous coil,Albright UK / forklift spares,130,115,100,ESTIMATE,"ratings SOURCED (Albright SW80 data sheet, VERIFICATION AL1/AL2); price estimate",2-6 wk,DoC,base,Y
E12_K0P_precharge_relay,Precharge relay K0P + resistor 47R,1,buy,Finder 22.32.0.024.4340 + Arcol HS50 47R,Finder (Almese TO) / RS,45,40,35,ESTIMATE,electrical/netlist_amr.yaml (estimate),1-2 wk,DoC,base,Y
E17_K0T_timer_Finder80,K0 on-delay timer K0T 0.6 s (hard-wired K0 sequence),1,buy,Finder 80.01.0.240.0000,Finder (Almese TO) / RS,35,32,29,ESTIMATE,electrical/netlist_amr.yaml K0T (ASSUMED); @10/@50 ESTIMATE,1-2 wk,DoC (IEC 61812-1),base,Y
E18_branch_fuses_10x38_x7,Branch fuse holders 10x38 gPV + links + comb (x7),1,buy,Mersen USM1 + HP10M class,Mersen / DigiKey.it,147,130,115,ESTIMATE,7 x (14 holder + 7 link) estimate,1 wk,DoC,base,Y
E31_F8LR_SWD_fuses,SWD feed fuses F8L/F8R 20 A gG (holder + link) x2,1,buy,10x38 holders + links,Mersen / DigiKey.it,42,37,33,ESTIMATE,2 x 21 estimate,1 wk,DoC,base,Y
E33_F7_charge_fuse,Charge-path fuse F7 (holder + link),1,buy,10x38 holder + link,Mersen / DigiKey.it,21,19,17,ESTIMATE,estimate,1 wk,DoC,base,Y
E2F_WF1-3_AUX48_fuses,AUX48 branch fuses WF1 6 A / WF2 12 A / WF3 2 A + FJ 8 A on 12 V (holder + link) x4; rev B2: WF1-3 on the LEFT upper rail,1,buy,10x38 gPV holders + links,Mersen / DigiKey.it,84,76,68,ESTIMATE,4 x 21 electrical/netlist_amr.yaml FW (ASSUMED),1 wk,DoC,base,Y
E13_U1_dcdc_DDR480C24,Traction DC-DC U1,1,buy,Mean Well DDR-480C-24,Melchioni / Gigatek / DigiKey.it,165,150,135,SECONDARY,https://www.digikey.it/it/products/result?keywords=DDR-480C-24 (@1 SECONDARY; @10/@50 ESTIMATE),stock or 17 wk,DoC,base,Y
E14_U2_dcdc_DDR480C24,Traction DC-DC U2,1,buy,Mean Well DDR-480C-24,Melchioni / Gigatek / DigiKey.it,165,150,135,SECONDARY,https://www.digikey.it/it/products/result?keywords=DDR-480C-24 (@1 SECONDARY; @10/@50 ESTIMATE),stock or 17 wk,DoC,base,Y
E15_U4_dcdc_DDR240C24_S24,Auxiliary 24 V DC-DC U4 (S24),1,buy,Mean Well DDR-240C-24,Melchioni / Gigatek / DigiKey.it,79,72,66,SECONDARY,https://www.digikey.it/it/products/result?keywords=DDR-240C-24 (@1 SECONDARY),stock or 17 wk,DoC,base,Y
E2G_U5_DDR120C12,Jetson 12 V DC-DC U5 (right LOW rail rear),1,buy,Mean Well DDR-120C-12,Melchioni / Gigatek / DigiKey.it,55,50,45,ESTIMATE,electrical/netlist_amr.yaml U5 (ASSUMED 55); @10/@50 ESTIMATE,stock or 17 wk,DoC,base,Y
E16_R1_maxon_DSR50-5_x2,Shunt regulator T24 27 V R1a/R1b (deck underside above the rear pack),2,buy,maxon DSR 50/5 (309687),maxon Italia,145.15,140,130,SOURCED,https://www.maxongroup.com/maxon/view/product/309687 (EUR 145.15 at 1-4 pcs SOURCED; @10/@50 ESTIMATE),2-4 wk,CE (ASSUMED),base,Y
E30_U3_ORing_DRDN40-24,ORing module T24 (centre bay LOW right),1,buy,Mean Well DRDN40-24,Melchioni / DigiKey.it,70,63,57,ESTIMATE,electrical/netlist_amr.yaml (estimate),stock,DoC,base,Y
E34_U8_ideal_diode_DRDN40-48,Charge-path ideal diode U8 (RR corner rail),1,buy,Mean Well DRDN40-48,Melchioni / DigiKey.it,70,63,57,ESTIMATE,electrical/netlist_amr.yaml (estimate),stock,DoC,base,Y
E19_0V_block,0 V distribution block + chassis strap,1,buy,Weidmueller WPD 102 class,Weidmueller Italia,40,35,30,ESTIMATE,electrical/netlist_amr.yaml (estimate),1 wk,DoC,base,Y
E27_XS24_terminals,S24 fuse terminals + safety terminals + bridges,1,buy,"Phoenix PT 2,5 / PT 4 / PT 4-HESI + FBS",Phoenix Contact Italia / DigiKey.it,90,80,70,ESTIMATE,electrical/netlist_amr.yaml (estimate),stock,DoC,base,Y
E32_T24_terminals,T24 power terminals (2),1,buy,Phoenix PTPOWER 16,Phoenix Contact Italia,20,18,15,ESTIMATE,estimate,stock,DoC,base,Y
E35_RSIG_X0R,Dock signature resistor 10 kOhm in component terminal,1,buy,Phoenix component terminal block + 10k 2 W,Phoenix Contact Italia,8,7,6,ESTIMATE,electrical/netlist_amr.yaml (estimate),stock,-,base,Y
E37_KS_signature_relay,Dock signature relay KS (PNOZ standard output),1,buy,Finder 38.51.7.024.0050,Finder / RS,15,13,12,ESTIMATE,electrical/netlist_amr.yaml KS (ASSUMED),1 wk,DoC (IEC 61810-1),base,Y
E36_CAN1_PCAN-Ethernet_gw,CAN-Ethernet gateway (traction + energy CAN),1,buy,PEAK PCAN-Ethernet Gateway DR (IPEH-004010),PEAK-System / distributor,520,490,460,ESTIMATE,electrical/netlist_amr.yaml (estimate),1-2 wk,DoC,base,Y
E25_NET1_switch_FL1008N,Ethernet switch 8 port DIN,1,buy,Phoenix FL SWITCH 1008N,Phoenix Contact Italia,180,165,150,ESTIMATE,electrical/netlist_amr.yaml (estimate),1-2 wk,DoC,base,Y
E26_SR1_RLY3-OSSD100,rev A1 reference: dock-enable safety relay SR1 (replaced by KS on a PNOZ standard output),1,buy,SICK RLY3-OSSD100 (1085343),SICK Italia,140,125,115,ESTIMATE,rev A estimate; eibabo 166.77 net,2-4 wk,DoC + TUV,base,"N (rev A, replaced by E37_KS)"
E2C_K1_contactor_3RT2026,Arm-bus safety contactor K1 (mirror contact),1,buy,Siemens 3RT2026-1BB40,Siemens / RS,90,80,72,ESTIMATE,"DC-1 35 A (2 poles in series, 60 V) SOURCED (Siemens data sheet, VERIFICATION SI1); price estimate",1-2 wk,DoC (EN 60947-4-1 Annex F),base,Y
E2D_K2_contactor_3RT2026,Arm-bus safety contactor K2 (mirror contact),1,buy,Siemens 3RT2026-1BB40,Siemens / RS,90,80,72,ESTIMATE,"DC-1 35 A (2 poles in series, 60 V) SOURCED (Siemens data sheet, VERIFICATION SI1); price estimate",1-2 wk,DoC (EN 60947-4-1 Annex F),base,Y
E0x_din_rails,"DIN rails TS35 side bays (L: lower F/R, MID, upper F/R, corner FL; R: lower F/R, upper, corner RR = 10 pcs)",1,buy,EN 60715,Phoenix / Weidmueller Italia,30,24,18,ESTIMATE,estimate,stock,-,base,Y
E0C_centre_rails,Centre-bay DIN rails TS35 E0C_R / E0C_L (spine inner faces),2,buy,"EN 60715, 130 mm",Phoenix / Weidmueller Italia,4,3,2.5,ESTIMATE,estimate (not in netlist),stock,-,base,Y
E58_U6_DDR60L5,"Head 5 V DC-DC U6 (left MID rail above the SWD; 52.5 mm wide, vertical)",1,buy,Mean Well DDR-60L-5,Melchioni / DigiKey.it,30,27,24,ESTIMATE,electrical/netlist_amr.yaml U6 (ASSUMED),stock,DoC,base,Y
E59_JR1_relays,Relays JR1 2x PLC-RSC-5DC/21 (Jetson GPIO -> HL1 tower; centre bay),1,buy,Phoenix PLC-RSC-5DC/21 x2,Phoenix Contact Italia,40,36,32,ESTIMATE,electrical/netlist_amr.yaml JR1 (ASSUMED),1 wk,DoC,base,Y
E5A_XC_deck_terminals,"Deck-interface terminals XC (ES3, PSEN, HL1, coffee 24 V, head 5 V; centre bay)",1,buy,Phoenix PT 1.5 / PT 4,Phoenix Contact Italia,45,40,35,ESTIMATE,electrical/netlist_amr.yaml XC (ASSUMED),stock,DoC,base,Y
E40_fan_*,"Fan 60x60x25 24 V IP54 + filter grille, side bays (Lin/Lout/Rin/Rout)",4,buy,ebm-papst class,ebm-papst / DigiKey.it,25,22,19,ESTIMATE,electrical/netlist_amr.yaml (estimate),1-2 wk,DoC,base,Y
E42_gap_fan_*,"Fan 40x40x20 24 V (IP54 class) + finger guard, centre-bay supply in the spine cut-outs (L/R)",2,buy,ebm-papst class,ebm-papst / DigiKey.it,15,13,11,ESTIMATE,electrical/netlist_amr.yaml FAN40 (estimate),1-2 wk,DoC,base,Y
E21_SC0_PNOZ_m_B0,"Safety controller base unit SC0 Pilz PNOZ m B0 (20 safe in, 4 safe SC out, 4 configurable out)",1,buy,Pilz PNOZ m B0 (772100),Pilz Italia / eibabo.de,784.12,745,706,SECONDARY,"https://www.eibabo.de/pilz/sicherheitssteuerung-pnoz-m-b0-eb16105018 (net = gross/1.19, read 2026-10-05; via electrical/netlist_amr.yaml eibabo_pilz); @10/@50 ESTIMATE -5/-10 %",1-3 wk,DoC + TUV certificate (PL e / SIL CL 3),base,Y
E22_SX1_PNOZ_m_EF_8DI4DO,rev B1 reference: safety I/O expansion SX1 Pilz PNOZ m EF 8DI4DO (I/O moved to B0 + SR1/SR2),1,buy,Pilz PNOZ m EF 8DI4DO (772142),Pilz Italia / eibabo.de,321.86,306,290,SECONDARY,"https://www.eibabo.de/pilz/sicherheitssteuerung-pnoz-m-b0-eb16105018 (net = gross/1.19, read 2026-10-05; via electrical/netlist_amr.yaml eibabo_pilz); @10/@50 ESTIMATE -5/-10 %",1-3 wk,DoC + TUV certificate,base,"N (rev B1, replaced by E2H/E2I EF 4DI4DOR)"
E20_SC1_PNOZ_m_ES_ETH,Safety controller Ethernet/Modbus TCP module SC1 Pilz PNOZ m ES ETH,1,buy,Pilz PNOZ m ES ETH (772130),Pilz Italia / eibabo.de,268.89,255,242,SECONDARY,"https://www.eibabo.de/pilz/sicherheitssteuerung-pnoz-m-b0-eb16105018 (net = gross/1.19, read 2026-10-05; via electrical/netlist_amr.yaml eibabo_pilz); @10/@50 ESTIMATE -5/-10 %",1-3 wk,DoC,base,Y
E2H_SR1_PNOZ_m_EF_4DI4DOR,Safety relay expansion SR1 Pilz PNOZ m EF 4DI4DOR (SWD STO_1/2 + INSafe_1/2 relay contacts),1,buy,Pilz PNOZ m EF 4DI4DOR (772143),Pilz Italia / eibabo.de,379.72,361,342,SECONDARY,"eibabo.de EUR 379.72 net (VERIFICATION P14, 2026-10-05); @10/@50 ESTIMATE -5/-10 %",1-3 wk,DoC + TUV certificate (PL e),base,Y
E2I_SR2_PNOZ_m_EF_4DI4DOR,Safety relay expansion SR2 Pilz PNOZ m EF 4DI4DOR (scanner CI1-CI3 relay contacts),1,buy,Pilz PNOZ m EF 4DI4DOR (772143),Pilz Italia / eibabo.de,379.72,361,342,SECONDARY,as E2H,1-3 wk,DoC + TUV certificate (PL e),base,Y
RB1-7_bleed_resistors,Bleed resistors 2.2 kOhm 1 W in Phoenix double-level component terminals (one per relay contact),7,buy,2.2 k 1 W + component terminal,Phoenix Contact Italia / RS,4,3.5,3,ESTIMATE,electrical/netlist_amr.yaml RB (VERIFICATION S4/P14),stock,-,base,Y
E2J_KI4_interposing_relay,"Interposing relay KI4 for the K4 coil (Phoenix PLC-RSC-24DC/21, 6.2 mm)",1,buy,Phoenix PLC-RSC-24DC/21 (P/N 2966171 ASSUMED),Phoenix Contact Italia,20,18,16,ESTIMATE,electrical/netlist_amr.yaml KI4 (VERIFICATION FI1/P7),1 wk,DoC,base,Y
E2K_K0V_LVCO_relay_DUB01CD48500V,"48 V application low-voltage cut-off K0V: Carlo Gavazzi DUB01CD48500V (50 V range, under-voltage, normally energised, 48.0 V, 5 s), 22.5 mm",1,buy,Carlo Gavazzi DUB01CD48500V,Carlo Gavazzi Italia / DigiKey.it,163,155,147,SECONDARY,DigiKey 1864-1123-ND USD 177.65 (2026-10-05) x 0.92 FX; datasheet docs/fonti/CarloGavazzi_DUB01-PUB01_datasheet_2025-03-03.pdf (SOURCED); @10/@50 ESTIMATE,1-2 wk,"DoC (EN 60255-6, UL)",base,Y
D0_coil_suppression_set,Freewheel diode on the K0 SW80 coil + Siemens diode/Zener suppressors on K1/K2,1,buy,1N5408 diode terminal + Siemens 3RT2926 accessory,Phoenix / Siemens,40,35,30,ESTIMATE,electrical/netlist_amr.yaml D0 (VERIFICATION D4/P5),1 wk,-,base,Y
SCT_PNOZ_terminal_sets,Pilz plug-in spring terminal sets for B0 + EF,1,buy,Pilz spring terminal sets (P/N per Pilz),Pilz Italia,90,85,80,ESTIMATE,electrical/netlist_amr.yaml SCT (ASSUMED 90; ask Pilz if included),1-3 wk,-,base,Y
E20_SC0_flexisoft_FX3-CPU1,rev A1 reference: Flexi Soft CPU + memory plug,1,buy,FX3-CPU1 (1043784) + FX3-MPL000001,SICK Italia / DigiKey.it,538,483,431,SECONDARY,https://www.digikey.it/it/products/result?keywords=FX3-CPU1 (468 SECONDARY) + MPL 70 ESTIMATE,backorder to 11/2026,DoC + TUV,base,"N (rev A reference, replaced by Pilz PNOZmulti 2)"
E24_SC1_flexisoft_FX0-GENT,rev A1 reference: Flexi Soft gateway EtherNet/IP,1,buy,FX0-GENT00000 (1044072),SICK Italia / DigiKey.it,698,630,560,SECONDARY,https://www.digikey.it/it/products/result?keywords=FX0-GENT00000,2-6 wk,DoC,base,"N (rev A reference, replaced by Pilz PNOZmulti 2)"
E21/E22/E28/E29/E2A_SX1-SX5_FX3-XTIO,rev A1 reference: Flexi Soft I/O modules,5,buy,FX3-XTIO84002 (1044125),SICK Italia / DigiKey.it,556,500,445,SECONDARY,https://www.digikey.it/it/products/result?keywords=FX3-XTIO84002,2-6 wk,DoC + TUV,base,"N (rev A reference, replaced by Pilz PNOZmulti 2)"
E23_SM1_FX3-MOC1,rev A1 reference: Flexi Soft Motion Control (was for the waist encoder),1,buy,FX3-MOC100010 (1112300),SICK Italia / DigiKey.it,948,850,760,SECONDARY,https://www.digikey.it/it/products/result?keywords=FX3-MOC1,stock,DoC + TUV,base,"N (rev A reference, replaced by Pilz PNOZmulti 2)"
H01..H10,"Harnesses H01-H10 (battery, B48, traction, dock, scanner M12, E-stops, Ethernet/safety to deck)",1,make (subcontract),Lapp / H07Z-K cable + SICK M12 cordsets,harness subcontractor Veneto,560,450,370,ESTIMATE,estimate (rev A 610/490/400 minus waist chainflex),3-4 wk,- (technical file),base,Y
E53_deck_grommet,Deck cable-entry frame IP54 (base -> superstructure),1,buy,icotek KEL-DPZ class,icotek / distributor,35,30,25,ESTIMATE,estimate,1-2 wk,-,base,Y
Z01_fasteners_consumables,"Fasteners, PEM, inserts, ties, glands, labels, CE nameplate",1,buy,"ISO 4762/7380, PEM, Lapp Skintop",Wuerth Italia / Bossard,95,68,50,ESTIMATE,estimate,1 wk,-,base,Y
X01_dock_frame,Dock frame,1,make,laser + bend 4 mm S355MC welded + powder,sheet-metal shop TV/PD,445,220,150,ESTIMATE,estimate,3-4 wk,-,dock,Y
X02_robopad_base_RPBAS90,Roboteq RoboPad base,1,buy,RPBAS90,Roboteq/Nidec direct,300,270,240,ESTIMATE,estimate (set USD 400-900),4-6 wk,DoC,dock,Y
X03_pad_mount,Pad mount,1,make,bend 3 mm S355MC + powder,sheet-metal shop TV/PD,80,35,22,ESTIMATE,estimate,3 wk,-,dock,Y
X04_charger_NPB750_48,"Charger Mean Well NPB-750-48 (11.3 A, EMC Class B, DIP flooded 56.8/53.6 V)",1,buy,NPB-750-48,Melchioni / Gigatek / DigiKey.it,190,175,160,ESTIMATE,"specs SOURCED (NPB-750-SPEC, VERIFICATION M13); price ESTIMATE (rev B1 NPB-1700 EUR 290 DigiKey SECONDARY)",stock or 17 wk,DoC (IEC 60335-2-29),dock,Y
X05_dock_controller_relay,Dock controller (Wi-Fi/Ethernet handshake with the Jetson) + DC contactor with blowouts in DIN box,1,make,controller + Albright SW60 class contactor + DIN box,in-house assembly,250,190,150,ESTIMATE,electrical/netlist_amr.yaml (estimate),2 wk,DoC (dock = LVD/EMC product),dock,Y
X06_apriltag_reflector_plate,AprilTag + retro-reflective plate,1,buy,UV print on aluminium + 3M tape,local printer,30,15,10,ESTIMATE,estimate,1 wk,-,dock,Y
X07_dock_cover,Dock cover,1,make,bend 2 mm 5754 + powder,sheet-metal shop TV/PD,120,50,32,ESTIMATE,estimate,3 wk,-,dock,Y
X08_dock_harness_ac,"Dock harness (mains cable, switch, glands)",1,buy,Lapp Oelflex + switch,electrical distributor,60,45,35,ESTIMATE,estimate,1 wk,-,dock,Y
X09_dock_OV_relay_DUB01CD48500V,"Dock over-voltage relay XD3: Carlo Gavazzi DUB01CD48500V (200 V range, over-voltage, bench-set 58.5 V; opens the dock DC contactor; RoboPad 60 V fault limit)",1,buy,Carlo Gavazzi DUB01CD48500V,Carlo Gavazzi Italia / DigiKey.it,163,155,147,SECONDARY,DigiKey 1864-1123-ND USD 177.65 (2026-10-05) x 0.92 FX; datasheet SOURCED (docs/fonti),1-2 wk,"DoC (EN 60255-6, UL)",dock,Y
X04b_charger_NPB1700_48_option,OPTION (C48 barista only): charger NPB-1700-48 25 A + dock EMC test,1,buy,NPB-1700-48,Melchioni / DigiKey.it,290,265,240,SECONDARY,DigiKey.it (rev B1); Class A radiated -> dock EMC test TP-19b,stock or 17 wk,DoC (IEC 60335-2-29),dock,N (option)
E50_dcdc_arm_*_DDR480C24,Arm 24 V DC-DC R/L (moved from waist plate; OpenArm variant only),2,buy,Mean Well DDR-480C-24,Melchioni / Gigatek / DigiKey.it,165,150,135,SECONDARY,https://www.digikey.it/it/products/result?keywords=DDR-480C-24 (@1 SECONDARY),stock or 17 wk,DoC,arm_OA,Y
E52_arm_ORing_DRDN40-24_x2,Arm-bus ORing + 27 V clamp: 2x DRDN40-24 + 2x maxon DSR 50/5 (OpenArm only),1,buy,DRDN40-24 x2 + DSR 50/5 x2,Melchioni / maxon,430.3,400,370,ESTIMATE,2 x 70 ESTIMATE + 2 x 145.15 SOURCED (maxon 309687),2-4 wk,DoC,arm_OA,Y
E57_FAL_FAR_fuses,"Arm feed fuses FAL/FAR 25 A gG (holder + link) x2, centre bay (OpenArm only)",1,buy,10x38 holders + gG links,Mersen / DigiKey.it,42,38,34,ESTIMATE,2 x 21 electrical/netlist_amr.yaml FC (ASSUMED),1 wk,DoC,arm_OA,Y
SP1_SP2_PSEN_cs3.1,"Arm-on-rest sensors Pilz PSEN cs3.1 + actuator cs3.11 (L/R, each on its own PNOZ input pair; OpenArm only; superstructure)",2,buy,Pilz 541009 + PSEN cs3.11,Pilz Italia / eibabo.de,119.34,113,107,SECONDARY,eibabo 104.91 + 14.43 net (electrical/netlist_amr.yaml SP1/SP2); @10/@50 ESTIMATE,1-3 wk,DoC (ISO 14119 type 4),arm_OA,Y
E54_U7_DDR480C24_coffee,Coffee 24 V DC-DC U7 (FL corner rail; barista only),1,buy,Mean Well DDR-480C-24,Melchioni / Gigatek / DigiKey.it,165,150,135,SECONDARY,DigiKey.it as E13 (netlist U7 140 ASSUMED); @10/@50 ESTIMATE,stock or 17 wk,DoC,barista,Y
E55_K4_Finder22,"Coffee power relay K4 (via interposing relay KI4 on a PNOZ auxiliary output, Cat B; barista only)",1,buy,Finder 22.32.0.024.4340,Finder / RS,40,36,32,ESTIMATE,electrical/netlist_amr.yaml K4 (ASSUMED),1-2 wk,DoC,barista,Y
E56_FCF_fuse,Coffee fuse FCF 16 A (holder + link; barista only),1,buy,10x38 holder + gG link,Mersen / DigiKey.it,21,19,17,ESTIMATE,electrical/netlist_amr.yaml FC (ASSUMED),1 wk,DoC,barista,Y
E28_SX2_PNOZ_m_EF_8DI4DO_C48,Second safety I/O expansion SX2 for certified-arm safety I/O (C48 only),1,buy,Pilz PNOZ m EF 8DI4DO (772142),Pilz Italia / eibabo.de,321.86,306,290,SECONDARY,"https://www.eibabo.de/pilz/sicherheitssteuerung-pnoz-m-b0-eb16105018 (net = gross/1.19, read 2026-10-05; via electrical/netlist_amr.yaml eibabo_pilz); @10/@50 ESTIMATE -5/-10 %",1-3 wk,DoC + TUV certificate,arm_C48,Y
K3_arm_precharge_C48,Arm-feed precharge K3 (Finder 22.32 + Arcol HS50 10R; C48 only),1,buy,Finder 22.32.0.024.4340 + Arcol HS50 10R,Finder / RS,45,40,36,ESTIMATE,electrical/netlist_amr.yaml K3 (ASSUMED),1-2 wk,DoC,arm_C48,Y
E51_jetson_orin_nx_carrier,"Jetson Orin NX 16 GB + carrier: superstructure compute, not AMR (sits in base centre bay)",1,buy,900-13767-0000-000 + carrier,NVIDIA EU distributor (Arrow/Avnet),900,880,850,ESTIMATE,estimate (docs/bom.csv),2-6 wk,DoC carrier (EMC; RED if Wi-Fi),superstructure,Y
SUBTOTAL_base,"subtotal AMR base (excl. dock, arm power, coffee power, Jetson)",,,,,21637,18862,16846,computed (ESTIMATE),sum qty x unit of rows with in_total=Y,,,base,
SUBTOTAL_dock,subtotal dock,,,,,1638,1155,946,computed (ESTIMATE),sum qty x unit of rows with in_total=Y,,,dock,
SUBTOTAL_arm_OA,subtotal OpenArm arm power + arm-rest sensors (OpenArm variant only),,,,,1041,964,888,computed (ESTIMATE),sum qty x unit of rows with in_total=Y,,,arm_OA,
SUBTOTAL_barista,subtotal coffee power in the base centre bay (barista configuration; counted with the superstructure),,,,,226,205,184,computed (ESTIMATE),sum qty x unit of rows with in_total=Y,,,barista,
SUBTOTAL_arm_C48,subtotal certified-arm extras in the base (C48 only),,,,,367,346,326,computed (ESTIMATE),sum qty x unit of rows with in_total=Y,,,arm_C48,
SUBTOTAL_superstructure,"subtotal superstructure compute (Jetson, not AMR)",,,,,900,880,850,computed (ESTIMATE),sum qty x unit of rows with in_total=Y,,,superstructure,
TOTAL_AMR_incl_dock,total AMR alone incl. dock (materials only),,,,,23275,20017,17792,computed (ESTIMATE),SUBTOTAL_base + SUBTOTAL_dock,,,,
