part,category,material,process,mass_kg,mass_source,motion,notes
B00_ranger_mini3_base,purchased,purchased,"purchased (AgileX RANGER MINI 3.0, 4WD/4WS)",75.000,AgileX manual 75 kg (SOURCED),,envelope from the manual drawings; rail profile/slot ASSUMED; charging-kit receiver UNVERIFIED
P01_base_adapter_plate,custom,EN AW-6082-T6,"waterjet 8 mm + CNC drill/tap (M5/M6), 90 deg countersinks; grid lightening",5.914,,,"bolts on the 2 Ranger Mini 3.0 top T-slot rails (230 mm apart, drawing) with 16 M5 countersunk into T-nuts (slot type ASSUMED)"
tnut_rail_R_-325,fastener,S235 / 1.4301,purchased T-slot nut slot 6 M5 (ASSUMED type),0.004,,,
tnut_rail_R_-250,fastener,S235 / 1.4301,purchased T-slot nut slot 6 M5 (ASSUMED type),0.004,,,
tnut_rail_R_-170,fastener,S235 / 1.4301,purchased T-slot nut slot 6 M5 (ASSUMED type),0.004,,,
tnut_rail_R_-90,fastener,S235 / 1.4301,purchased T-slot nut slot 6 M5 (ASSUMED type),0.004,,,
tnut_rail_R_90,fastener,S235 / 1.4301,purchased T-slot nut slot 6 M5 (ASSUMED type),0.004,,,
tnut_rail_R_170,fastener,S235 / 1.4301,purchased T-slot nut slot 6 M5 (ASSUMED type),0.004,,,
tnut_rail_R_250,fastener,S235 / 1.4301,purchased T-slot nut slot 6 M5 (ASSUMED type),0.004,,,
tnut_rail_R_325,fastener,S235 / 1.4301,purchased T-slot nut slot 6 M5 (ASSUMED type),0.004,,,
tnut_rail_L_-325,fastener,S235 / 1.4301,purchased T-slot nut slot 6 M5 (ASSUMED type),0.004,,,
tnut_rail_L_-250,fastener,S235 / 1.4301,purchased T-slot nut slot 6 M5 (ASSUMED type),0.004,,,
tnut_rail_L_-170,fastener,S235 / 1.4301,purchased T-slot nut slot 6 M5 (ASSUMED type),0.004,,,
tnut_rail_L_-90,fastener,S235 / 1.4301,purchased T-slot nut slot 6 M5 (ASSUMED type),0.004,,,
tnut_rail_L_90,fastener,S235 / 1.4301,purchased T-slot nut slot 6 M5 (ASSUMED type),0.004,,,
tnut_rail_L_170,fastener,S235 / 1.4301,purchased T-slot nut slot 6 M5 (ASSUMED type),0.004,,,
tnut_rail_L_250,fastener,S235 / 1.4301,purchased T-slot nut slot 6 M5 (ASSUMED type),0.004,,,
tnut_rail_L_325,fastener,S235 / 1.4301,purchased T-slot nut slot 6 M5 (ASSUMED type),0.004,,,
P29_column_foot,custom,EN AW-6082-T6,"CNC 20 mm: 80x80 spigot pocket, M12 cbore from below, 8x M6 cbores",1.248,,,
S01_column_profile_item8_80x80L,purchased,EN AW-6063-T66 (profile),purchased item Profil 8 80x80 leicht 0.0.265.80 cut to 197 mm; tap core M12 both ends,1.050,item24 5.33 kg/m (SOURCED),,core bore diameter ESTIMATE
P02_column_to_torso_bracket,custom,EN AW-6082-T6,"waterjet 20 mm plate + 1 CNC set-up: 80x80 spigot pocket 5 mm, M12 cbore, drill/tap (no lightening pockets: cost)",2.453,,,
OA_body_link0,purchased,purchased,purchased (Enactic OpenArm 2.0 torso),13.890,openarm_description URDF 13.89 kg (SOURCED),lift,interference envelope simplified from the official STL; real STL used for clearances/exports
P03_battery_tray,custom,EN AW-5754-H22,"laser cut + bent 2 mm sheet, 3 bends per side",0.718,,,
E01_battery_48V_15s30Ah_LFP,purchased,purchased,purchased,13.000,ESTIMATE custom flat 15s 30 Ah LFP pack (1.44 kWh),,
P04_battery_pad_EPDM,custom,TPU 90A / EPDM,die-cut 3 mm EPDM sheet,0.127,,,
P05_battery_hold_down_0,custom,EN AW-5754-H22,laser cut + bent 3 mm sheet,0.127,,,
P05_battery_hold_down_1,custom,EN AW-5754-H22,laser cut + bent 3 mm sheet,0.127,,,
P06_eplate_right,custom,EN AW-5754-H22,laser cut 2 mm sheet + PEM nuts M4 for components,0.150,,,
P07_eplate_left,custom,EN AW-5754-H22,laser cut 2 mm sheet + PEM nuts M4 for components,0.150,,,
P08_eplate_rear,custom,EN AW-5754-H22,laser cut 2 mm sheet + PEM nuts M4 for components,0.217,,,
E02_dcdc_DDR480C_A,purchased,purchased,purchased,1.375,Mean Well DDR-480C-24 (SOURCED),,
E03_dcdc_DDR480C_B,purchased,purchased,purchased,1.375,Mean Well DDR-480C-24 (SOURCED),,
E04_din_rail_pnoz,purchased,purchased,purchased,0.050,DIN rail 35x7.5 (EN 60715),,
E05_pilz_PNOZ_mB0,purchased,purchased,purchased,0.235,Pilz 772100 (SOURCED),,
E06_contactor_K1,purchased,purchased,purchased,0.350,ESTIMATE,,
E07_contactor_K2,purchased,purchased,purchased,0.350,ESTIMATE,,
E08_jetson_agx_orin_module,purchased,purchased,purchased,0.600,ESTIMATE AGX Orin module + carrier,,
E09_orion_tr_48_48_6,purchased,purchased,purchased,1.300,Victron Orion-Tr Smart 48/48-6 isolated (electrical lead; envelope ESTIMATE),,
S02_nanoScan3_0,purchased,purchased,purchased SICK nanoScan3 NANS3-CAAZ30AN1,0.670,SICK datasheet 0.67 kg (SOURCED),,
P09_scanner_pod_bracket_0,custom,EN AW-5754-H22,laser cut + bent 3 mm sheet (U-cradle + back + top flange),0.412,,,
S02_nanoScan3_1,purchased,purchased,purchased SICK nanoScan3 NANS3-CAAZ30AN1,0.670,SICK datasheet 0.67 kg (SOURCED),,
P09_scanner_pod_bracket_1,custom,EN AW-5754-H22,laser cut + bent 3 mm sheet (U-cradle + back + top flange),0.412,,,
SH01_deck_cover,shell,EN AW-5754-H22,"laser cut + bent 1.5 mm sheet, 2 halves, powder coated; 4 M5 into standoffs",2.437,,,
P11_deck_standoff_0,custom,EN AW-6082-T6,"purchased hex standoff M5 male/female SW10 x 116 mm (catalogue part, e.g. Ettinger)",0.024,,,
P11_deck_standoff_1,custom,EN AW-6082-T6,"purchased hex standoff M5 male/female SW10 x 116 mm (catalogue part, e.g. Ettinger)",0.024,,,
P11_deck_standoff_2,custom,EN AW-6082-T6,"purchased hex standoff M5 male/female SW10 x 116 mm (catalogue part, e.g. Ettinger)",0.024,,,
P11_deck_standoff_3,custom,EN AW-6082-T6,"purchased hex standoff M5 male/female SW10 x 116 mm (catalogue part, e.g. Ettinger)",0.024,,,
SH02_column_cover_fixed,shell,PA12 (SLS/MJF),"SLS PA12 2 mm, 2 halves clipped around the profile (T-slot clips)",0.061,,,
SH03_waist_cover,shell,PA12 (SLS/MJF),"SLS/MJF PA12 2 mm, 2 halves, hangs from P02 on 4 lugs with M4",0.522,,lift,
SH04a_torso_shell_front,shell,PA12 (SLS/MJF),"MJF PA12 2 mm half shell (split x=0, tongue-and-groove seam not modelled), 1 M4 insert",0.251,,lift,
SH04b_torso_shell_rear,shell,PA12 (SLS/MJF),"MJF PA12 2 mm half shell (split x=0, tongue-and-groove seam not modelled), 1 M4 insert",0.274,,lift,
P27_torso_shell_bracket_front,custom,EN AW-5754-H22,laser cut + bent 3 mm sheet (Z),0.046,,lift,
tnut_shell_f0,fastener,S235 / 1.4301,purchased T-slot nut slot 8 M6 (ASSUMED Misumi post),0.007,,lift,
tnut_shell_f1,fastener,S235 / 1.4301,purchased T-slot nut slot 8 M6 (ASSUMED Misumi post),0.007,,lift,
P28_torso_shell_bracket_rear,custom,EN AW-5754-H22,laser cut + bent 3 mm sheet (Z),0.047,,lift,
tnut_shell_r0,fastener,S235 / 1.4301,purchased T-slot nut slot 8 M6 (ASSUMED Misumi post),0.007,,lift,
tnut_shell_r1,fastener,S235 / 1.4301,purchased T-slot nut slot 8 M6 (ASSUMED Misumi post),0.007,,lift,
SH05_head_shell,shell,PA12 (SLS/MJF),"MJF PA12 2 mm, painted; smoked PETG visor bonded",0.149,,lift,
P16_head_neck_plate,custom,EN AW-5754-H22,laser cut 3 mm disc D120,0.100,,lift,
P17_insta360_mast,custom,EN AW-6082-T6,"turned D14 rod + milled 56x66x8 foot (one piece, CNC), 1/4""-20 stud at top",0.150,,lift,
S04_insta360_X4,purchased,purchased,purchased Insta360 X4,0.203,Insta360 spec 203 g (SOURCED),lift,
S05_orbbec_gemini_336L,purchased,purchased,purchased Orbbec Gemini 336L,0.135,Orbbec datasheet 135 g (SOURCED),lift,
P18_gemini_bracket,custom,EN AW-5754-H22,laser cut + bent 2.5 mm sheet,0.077,,lift,
tnut_gemini_0,fastener,S235 / 1.4301,purchased T-slot nut slot 8 M6 (ASSUMED Misumi post),0.007,,lift,
tnut_gemini_1,fastener,S235 / 1.4301,purchased T-slot nut slot 8 M6 (ASSUMED Misumi post),0.007,,lift,
P19_tray_carrier,custom,EN AW-5754-H22,laser cut + bent 3 mm sheet,0.429,,lift,
tnut_tray_0,fastener,S235 / 1.4301,purchased T-slot nut slot 8 M6 (ASSUMED Misumi post),0.007,,lift,
tnut_tray_1,fastener,S235 / 1.4301,purchased T-slot nut slot 8 M6 (ASSUMED Misumi post),0.007,,lift,
tnut_tray_2,fastener,S235 / 1.4301,purchased T-slot nut slot 8 M6 (ASSUMED Misumi post),0.007,,lift,
tnut_tray_3,fastener,S235 / 1.4301,purchased T-slot nut slot 8 M6 (ASSUMED Misumi post),0.007,,lift,
P20_tray_half_L,custom,PA12 (SLS/MJF),"MJF PA12 (fits 380x284 bed), 3 pockets 60x60 with 16 mm 45-deg lead-in",0.888,,lift,
S06_shoulder_screw_L0,fastener,S235 / 1.4301,purchased ISO 7379 shoulder screw D8x8 M6 (locating pin; head relieved in the tray),0.007,,lift,
S06_shoulder_screw_L1,fastener,S235 / 1.4301,purchased ISO 7379 shoulder screw D8x8 M6 (locating pin; head relieved in the tray),0.007,,lift,
P20_tray_half_R,custom,PA12 (SLS/MJF),"MJF PA12 (fits 380x284 bed), 3 pockets 60x60 with 16 mm 45-deg lead-in",0.888,,lift,
S06_shoulder_screw_R0,fastener,S235 / 1.4301,purchased ISO 7379 shoulder screw D8x8 M6 (locating pin; head relieved in the tray),0.007,,lift,
S06_shoulder_screw_R1,fastener,S235 / 1.4301,purchased ISO 7379 shoulder screw D8x8 M6 (locating pin; head relieved in the tray),0.007,,lift,
P21_coffee_shelf,custom,EN AW-6082-T6,"waterjet 6 mm 6082 plate, drilled + tapped M3/M4",1.066,,,
P22_coffee_upright_0,custom,EN AW-5754-H22,laser cut + bent 2 mm sheet (C-channel 80x24 with feet),0.231,,,
P22_coffee_upright_1,custom,EN AW-5754-H22,laser cut + bent 2 mm sheet (C-channel 80x24 with feet),0.231,,,
S07_coffee_machine_inissia_EN80,purchased,purchased,purchased De'Longhi Inissia EN80 (or equivalent 24 V DC machine),3.100,De'Longhi 2.4 kg (SOURCED) + 0.7 kg water (tank 0.7 l),,
P23_shuttle_rail_riser,custom,EN AW-6082-T6,CNC 20x4 flat bar,0.041,,,
S08_MGN12_rail_190,purchased,purchased,purchased HIWIN MGN12 rail L=190,0.120,HIWIN 0.65 kg/m (SECONDARY),,
S09_MGN12H_carriage,purchased,purchased,purchased HIWIN MGN12H block,0.054,HIWIN (SECONDARY),shuttle,
P24_shuttle_cup_carrier,custom,PA12 (SLS/MJF),MJF PA12: carriage arm + cup cradle (ring D72) + actuator lug,0.089,,shuttle,
S10_actuonix_P16_150,purchased,purchased,purchased Actuonix P16-150-64-12-P,0.125,Actuonix datasheet 125 g (SOURCED),,
S10b_actuonix_rod,purchased,purchased,actuator rod (moves with shuttle),0.010,,shuttle,
P25_actuator_rear_bracket,custom,EN AW-5754-H22,laser cut + bent 3 mm sheet,0.011,,,
P30_backpack_eplate,custom,EN AW-5754-H22,"laser cut 2 mm sheet + PEM nuts M4, hung under the coffee shelf",0.184,,,
P31_backpack_standoff_0,custom,EN AW-6082-T6,purchased hex standoff M4 male/female SW8 x 92 mm (catalogue),0.019,,,
P31_backpack_standoff_1,custom,EN AW-6082-T6,purchased hex standoff M4 male/female SW8 x 92 mm (catalogue),0.019,,,
P31_backpack_standoff_2,custom,EN AW-6082-T6,purchased hex standoff M4 male/female SW8 x 92 mm (catalogue),0.019,,,
E11_dcdc_DDR480C_coffee,purchased,purchased,purchased,1.375,"Mean Well DDR-480C-24 (coffee bus), lying (SOURCED dims)",,
E12_dcdc_S24_CPU_5V,purchased,purchased,purchased,0.750,ESTIMATE: 24 V sensors + 12 V CPU + 5 V DC-DCs,,
E13_ethernet_switch,purchased,purchased,purchased,0.300,ESTIMATE 5-8 port 24 V DIN switch,,
P26_cup_stack_holder,custom,PA12 (SLS/MJF),"MJF PA12, D80 ring 45 mm with 44 mm finger slots on +-x, stem, 3 inserts M4",0.172,,,
SH06_coffee_housing,shell,PA12 (SLS/MJF),"SLS/MJF PA12 2 mm (2 pieces), hangs under the shelf on 3 M4 (tapped shelf)",0.641,,,
