cable_id,cad_harness,from,to,function,voltage,conductor_type,cores_x_mm2,length_m,conn_from,conn_to,routing,shield,notes
H01,H01_batt_F_to_fuse,B01F:+ / B01F:-,F0:line / E19:0V,front pack to main fuse and 0 V block,B48 58.4 V,Lapp H07Z-K 90 C halogen-free single core (red/black),2x(1x25),1.05,ring lug M8 DIN 46235 on ST 5/16 stud 9 Nm,ring lug M8 (NH00 base) / WPD screw,centre over batteries -> left power bay (spine cut-out with grommet),none (twisted pair),protected by the OTHER pack internal fuse
H02,H02_batt_R_to_fuse,B01R:+ / B01R:-,F0:line / E19:0V,rear pack to main fuse and 0 V block,B48 58.4 V,Lapp H07Z-K 90 C single core,2x(1x25),0.55,ring lug M8 DIN 46235,ring lug M8 / WPD screw,centre over batteries -> left power bay,none (twisted pair),keep H01/H02 resistance within 20 % for current sharing [ASSUMED]
W01,-,F0:load,Q0:line (ED250B rear right),main fuse to key service disconnect,B48,Lapp H07Z-K 90 C,1x25,0.80,ring lug M8,ring lug M8 (ED250 stud),left power bay -> under deck rear -> E03 at the rear right,none,rev B: E03 is at the rear right in CAD (longer than rev A)
W02,-,Q0:load,K0:line (B48_RAW),key disconnect to main contactor; charge input lands here,B48,Lapp H07Z-K 90 C,1x25,0.80,ring lug M8,ring lug M8 (SW80 stud),E03 -> under deck rear -> left power bay,none,H06b lands on the same stud
W03,-,K0:load,FH comb busbar B48_SW,main contactor to fused branch comb,B48,Lapp H07Z-K 90 C,1x25,0.30,ring lug M8,comb feed terminal 25 mm2,left power bay upper rail,none,K0P precharge relay + R in parallel with K0 (2x1.5 mm2 local)
W04,-,FH:F1 (B48_RAW comb),U4:+IN/-IN (right bay),S24 converter feed (always on),B48,Lapp OLFLEX CLASSIC 110 2x1.5,2x1.5,1.30,ferrule,ferrule (DDR-240 terminal),left bay -> under deck (centre corridor) -> right bay,none (twisted),pre-contactor: S24 lives as soon as Q0 is ON
H03a,H03_bus48_to_centre_and_deck,FH:F2 (B48_RAW comb) / E19,"LU:E2F WF1..WF3 (AUX48, left upper rail)",aux 48 V always-on to the AUX48 fuses (rev B2: same bay),B48,Lapp H07Z-K 90 C,2x(1x4),0.35,ferrule,PT 4 terminals,left power bay upper rail (E18 -> E2F),none (twisted),rev B2: E2F moved from the right to the left upper rail (right rail space for SR1/SR2)
H03b,H03_bus48_to_centre_and_deck,"WF2 (left bay, E2F)",CB:U7 coffee DDR-480C-24 +IN/-IN,coffee converter feed,AUX48,Lapp H07Z-K 90 C,2x(1x2.5),0.70,ferrule,ferrule,left bay -> spine cut-out -> centre bay right inner rail,none (twisted),rev A WW1
H03c,H03_bus48_to_centre_and_deck,K2:2 / X0R,CB:UAL +IN/-IN (OA) or deck connector to arm L DC box (C48),arm L 48 V switched feed,A48 (switched),Lapp H07Z-K 90 C,2x(1x4),0.80,ferrule,ferrule (DDR-480 terminal),right bay -> spine cut-out -> centre bay (E50),none (twisted),rev A H10a: 2 m CFROBOT through the twisterband
H03d,H03_bus48_to_centre_and_deck,K2:4 / X0R,CB:UAR +IN/-IN (OA) or deck connector to arm R DC box (C48),arm R 48 V switched feed,A48 (switched),Lapp H07Z-K 90 C,2x(1x4),0.80,ferrule,ferrule,right bay -> centre bay (E50),none (twisted),rev A H10b
H03e,H03_bus48_to_centre_and_deck,"WF3 (left bay, E2F)",CB:U6 DDR-60L-5,head 5 V converter feed,AUX48,Lapp H07Z-K 90 C,2x(1x1),0.60,ferrule,ferrule,left bay -> spine cut-out -> centre bay left inner rail,none (twisted),"2 A fuse, 1 mm2 [ASSUMED adequate: 0.5 A load]"
W05,-,FH:F3,U1:+IN/-IN,traction DC-DC A input,B48,Lapp H07Z-K 90 C,2x(1x4),0.60,ferrule,ferrule,left power bay upper rail,none (twisted),-
W06,-,FH:F4,U2:+IN/-IN,traction DC-DC B input,B48,Lapp H07Z-K 90 C,2x(1x4),0.50,ferrule,ferrule,left power bay upper rail,none (twisted),-
W08,-,FH:F5L,K1:1 (right bay),arm L 48 V feed to safety contactors,B48,Lapp H07Z-K 90 C,1x4,0.95,ferrule,ferrule,left bay -> under deck -> right bay,none,+ only; return via H03c -> X0R -> W13
W09,-,FH:F5R,K1:3 (right bay),arm R 48 V feed to safety contactors,B48,Lapp H07Z-K 90 C,1x4,0.95,ferrule,ferrule,left bay -> under deck -> right bay,none,+ only
W10,-,U1:+/-OUT / U2:+/-OUT,U3:IN1 / IN2,traction converter outputs to ORing,T24 24 V,Lapp H07Z-K 90 C,2x2x(1x6),0.50,ferrule,ferrule,left power bay upper -> lower front,none,source-limited 27 A per converter; P+/P- share wires 0.5 mm2 between U1 and U2
W11,-,U3:OUT,T24 comb (F8L/F8R) + R1a/R1b,T24 bus,T24 24 V,Lapp H07Z-K 90 C,2x(1x10),0.30,ferrule,comb feed,left power bay lower front,none,"R1a/R1b sit on the left lower rear rail (CAD E16): 2x2.5 mm2 tap, 0.45 m"
H04,H04_traction_24V_L,F8L / T24 0V,M1L:24VDC (M12-L pins 1+2 / 3+4 / FE),SWD L power,T24 24 V,Phoenix SAC-5P-M12MSL/1.5-280 FE SH (1414884),4x1.5 + FE,1.50,open end -> ferrules,M12 L-coded 5-pin male,left power bay lower -> wheel L (inboard face),shielded (FE),SOURCED cable type (swd_manual)
H05,H05_traction_24V_R,F8R / T24 0V,M1R:24VDC (M12-L),SWD R power,T24 24 V,Phoenix SAC-5P-M12MSL/1.5-280 FE SH (1414884),4x1.5 + FE,1.50,open end -> ferrules,M12 L-coded 5-pin male,left bay lower -> under deck -> wheel R,shielded (FE),if > 1.5 m use the 3 m variant and re-check voltage drop
W12,-,U4:+/-OUT,XS24 S24 fuse terminals,S24 always-on distribution,S24 24 V,Lapp H07Z-K 90 C,2x(1x2.5),0.30,ferrule,ferrule,right safety bay upper rail,none,-
W13,-,E19:0V,X0R right-bay 0 V block,0 V return for arm feeds + charge + S24 + AUX48,B48 0 V,Lapp H07Z-K 90 C,1x16,1.30,ring lug M6,ring lug / PTPOWER,left bay lower rear -> under deck rear -> right bay,none,unfused 0 V (PELV single bond at E19)
W14,-,T24 0V terminal,E19:0V,T24 0 V reference bond (no load current),T24 0 V,Lapp H07Z-K 90 C,1x6,0.40,ferrule,WPD,left power bay lower,none,functional bond: DDR outputs are isolated
W15,-,E19:0V,spine A03_spine_L stud,single 0 V-to-chassis bond (PELV),0 V / PE,H07V-K green/yellow,1x6,0.15,ring lug M6,ring lug M6 + serrated washer,left power bay lower rear,none,the ONLY 0 V-chassis bond on the robot
W16,-,XS24 (S24) / G01 LYNK II R1 NO (right lower),K0V NO / K0P / K0T / K0 coil (D0) / K0 aux NC -> U1-U2 remote,"main contactor sequence, fail-safe (energised = OK) + 48 V LVCO (hard-wired, no safety controller)",S24 24 V,Lapp OLFLEX CLASSIC 110 7G0.75,7x0.75,1.40,ferrule,6.3 mm faston (SW80 coil) / ferrules,right bay -> under deck rear -> left bay,none,"rev B2: G01 R1 NO programmed energised = OK (was NC = OK, not fail-safe); K0V in series; DDR remote from the K0 NC aux (open = ON, short = OFF)"
W16b,-,"U4 +IN/-IN terminals (B48_RAW via F1 6 A, W04)",K0V measuring input (right upper rail),48 V low-voltage cut-off sense,B48,Lapp OLFLEX CLASSIC 110 2x0.75,2x0.75,0.25,ferrule,ferrule,right safety bay upper rail,none,NEW rev B2 (V:D10); fused by F1; K0V sits next to KI4 on the right upper rail
W17L,-,XS24 RB1-RB4 / PNOZ SR1 O0-O3 (relay contacts),M1L:I/O (M12 A 12-pin),"SWD L STO_1/2 + INSafe_1/2 from positive-guided relay contacts (no test pulses), 2.2 k bleed each (INSafe_3/4 wired as spare)",S24 24 V,M12 A-coded 12-pin cordset PUR shielded (Phoenix SAC-12P class),12x0.14,1.00,open end -> ferrules,M12 A-coded 12-pin male,right bay -> under deck -> wheel L,shielded,pin 11 GND IN to S24 0 V; CAN pins 1/3 unused
W17R,-,XS24 RB1-RB4 / PNOZ SR1 O0-O3 (relay contacts),M1R:I/O (M12 A 12-pin),SWD R STO + INSafe_1/2 from SR1 relay contacts (parallel with W17L),S24 24 V,M12 A 12-pin cordset PUR shielded,12x0.14,0.60,open end,M12 A 12-pin male,right bay -> wheel R,shielded,-
W18a,-,CAN1:CH1,M1L:CAN (M12 A 5-pin),CAN-T traction bus segment 1,CAN,CANopen cordset M12 A 5-pin PUR 2x2x0.25,2x2x0.25,1.10,open end / D-Sub,M12 A 5-pin male,right bay lower front -> under deck -> wheel L,shielded twisted pair,120 R termination in CAN1 gateway
W18b,-,M1L:CAN,M1R:CAN,CAN-T traction bus segment 2,CAN,CANopen cordset M12 A 5-pin + T-piece,2x2x0.25,0.80,M12 T-piece,M12 A 5-pin male + 120 R terminator,wheel L -> under deck -> wheel R,shielded twisted pair,-
W19,-,CAN1:CH2,G01 LYNK II CAN,CAN-E energy bus (BMS data),CAN,Lapp UNITRONIC BUS CAN 2x2x0.22,2x2x0.22,0.40,D-Sub 9 / terminal,terminal,right bay lower front,shielded twisted pair,rev B2: no RoboPad CAN (RoboPad is passive; dock handshake over Wi-Fi/Ethernet); 120 R at both ends
W20,-,B01F:LYNK,B01R:LYNK -> G01,Discover LYNK battery network,LYNK,Discover LYNK network cable (RJ45 CAT5e) [ASSUMED per Discover],CAT5e,1.40,RJ45,RJ45,centre over batteries -> right bay lower,shielded,use Discover cables/terminators
W21,-,NET1:P1,SC1 PNOZ m ES ETH,"safety status / Jetson requests (Modbus TCP, non-safe)",Ethernet,CAT5e patch S/FTP,4x2x0.14,0.30,RJ45,RJ45,right bay upper rail,shielded,non-safe data only
W22,-,NET1:P2,CAN1 PCAN gateway,CAN-over-Ethernet,Ethernet,CAT5e patch S/FTP,4x2x0.14,0.40,RJ45,RJ45,right bay upper -> lower,shielded,-
H07a,H07_safety_bus_scanner_F,XS24 (SC0 I9/I10/I13/I14 / SR2 O0-O2 via RB5-RB7 / S24),S1F system plug (M12 17-pin),front scanner OSSD1/2 + control inputs CI1-3 + 24 V,S24 24 V,SICK M12 17-pin cordset PUR shielded (YF2A1x class) [ASSUMED],17x0.25,0.80,open end -> ferrules,M12 A 17-pin female,right safety bay -> front-right castor tower,shielded,CI1-CI3 from SR2 relay contacts wired in parallel to both scanners; scanner input delay class = relays; system plug NANSX-AAACZZZZ1 (2105107) 300 mm + extension
H07b,H07_safety_bus_scanner_F,NET1:P3,S1F Ethernet (M12 D),scanner configuration + data,Ethernet,M12 D-coded to RJ45 PUR cordset (Phoenix SAC-4P class),4x0.34,0.90,RJ45,M12 D 4-pin male,right bay -> castor tower FR,shielded,-
H08a,H08_safety_bus_scanner_R,XS24 (SC0 I11/I12/I15/I16 / SR2 O0-O2 / S24),S1R system plug (M12 17-pin),rear scanner OSSD1/2 + control inputs + 24 V,S24 24 V,SICK M12 17-pin cordset PUR shielded [ASSUMED],17x0.25,1.20,open end -> ferrules,M12 A 17-pin female,right bay -> under deck rear -> rear-left castor tower,shielded,CAD 1.05 m
H08b,H08_safety_bus_scanner_R,NET1:P4,S1R Ethernet (M12 D),scanner configuration + data,Ethernet,M12 D-coded to RJ45 PUR cordset,4x0.34,1.20,RJ45,M12 D 4-pin male,right bay -> rear -> castor tower RL,shielded,-
H09a,H09_safety_estops,XS24 (SC0 I0/I1 + T0/T1),ES2 right E-stop (series chain start),base E-stop chain 2NC,S24 24 V,Lapp OLFLEX CLASSIC 110 4G0.5,4x0.5,0.40,ferrule,Siemens 3SU1400 screw terminals,right safety bay -> right side cover,none (test-pulsed),ES1+ES2 in series (ISO/TR 24119); Siemens 3SU1 E-stops with 2x 3SU1400-1AA10-1CA0
H09b,H09_safety_estops,ES2 right E-stop,ES1 left E-stop,series link of the base E-stop chain,S24 24 V,Lapp OLFLEX CLASSIC 110 4G0.5,4x0.5,1.00,3SU1 terminals,3SU1 terminals,right side -> under deck -> left side cover,none (test-pulsed),both channels in one cable: short between channels detected by T0/T1
H09c,H09_safety_estops,XS24 (SC0 I4-I8 + T0/T1),rear panel: SB1 reset + SK1 key + SE1 pendant socket (M12 8-pin),reset / mode key / enabling device,S24 24 V,Lapp OLFLEX CLASSIC 110 12G0.5,12x0.5,0.90,ferrule,M22 terminals + M12 8-pin panel socket,right bay -> rear cover panel,none,-
H10a,H10_ethernet_safety_to_deck,"XS24 (SC0 I2/I3/I18/I19, SR1 I0/I1, SR2 I0, KI4 contact, T0/T1, 24 V/0 V)",CB:XC terminal strip,"torso E-stop 2NC (4), PSEN SP1 OSSD (2) + SP2 OSSD (2) on separate inputs, K4 coil via KI4 + aux (3), 24 V/0 V (2), spare (5)",S24 24 V,Lapp OLFLEX CLASSIC 110 18G0.5,18x0.5,0.90,ferrule,PT 1.5 on XC,right bay -> spine cut-out -> centre bay,none,rev B2: PSEN no longer in series (V:P16)
H10b,H10_ethernet_safety_to_deck,NET1:P5,CB:Jetson Orin NX LAN,Ethernet Jetson <-> base (PNOZ ES ETH / scanners / CAN gateway),Ethernet,CAT5e patch S/FTP,4x2x0.14,0.80,RJ45,RJ45,right bay -> centre bay,shielded,rev A: CFROBOT8 torsion Ethernet
W28,-,U5 +OUT -> FJ 8 A (right bay),CB:Jetson carrier 12 V,Jetson + cameras 12 V,C12 12 V,Lapp H07Z-K 90 C,2x(1x2.5),0.75,ferrule,carrier power plug,right bay -> spine cut-out -> centre bay,none (twisted),NEW rev B
WW2,-,"WF1 (left bay, E2F)",U5 DDR-120C-12 IN (right bay),compute converter feed,AUX48,Lapp H07Z-K 90 C,2x(1x1.5),1.10,ferrule,ferrule,left bay -> under deck (inside H03) -> right bay upper rail,none,rev B2: crosses the centre corridor (E2F moved)
WW3L,-,UAL -> UOL -> RAL -> FAL 25 A (centre bay),OpenArm L hub (XT60 at column base),arm L 24 V (OA),A24L 24 V,Lapp H07Z-K 90 C / silicone 2x6,2x(1x6),2.00,ferrule,XT60,centre bay -> E53 grommet -> column,none (twisted),through E53 with pre-terminated XT60 (split grommet)
WW3R,-,UAR -> UOR -> RAR -> FAR 25 A (centre bay),OpenArm R hub (XT60),arm R 24 V (OA),A24R 24 V,Lapp H07Z-K 90 C / silicone 2x6,2x(1x6),2.00,ferrule,XT60,centre bay -> E53 -> column,none (twisted),-
WW4,-,U7 -> K4 -> FCF 16 A (centre bay),24 V capsule machine,coffee 24 V (cut by K4),COF24 24 V,Lapp OLFLEX CLASSIC 110 2x2.5,2x2.5,1.40,ferrule,machine connector,centre bay -> E53 -> coffee uprights,none,barista configuration
WW5,-,CB:XC,ES3 torso E-stop,torso E-stop 2NC,S24 24 V,Lapp OLFLEX CLASSIC 110 4G0.5,4x0.5,1.40,ferrule,3SU1 terminals (surface enclosure),centre bay -> E53 -> torso,none (test-pulsed),-
WW6,-,CB:XC,SP1 and SP2 PSEN cs3.1 (each on its own cordset),"arm-on-rest sensors (OA), separate PNOZ input pairs",S24 24 V,Pilz PSEN M12 8-pin cordset PUR,2 x (8x0.25),1.20,ferrule,M12 8-pin,centre bay -> E53 -> arm rests,shielded,"rev B2: no series connection (undocumented); SP1 -> SC0 I18/I19, SP2 -> SR1 I0/I1"
WW7,-,CB:JR1 relays (Jetson GPIO),HL1 signal tower,status / warning light (non-safe),S24 24 V,Lapp OLFLEX CLASSIC 110 4G0.75,4x0.75,1.60,ferrule,tower terminal,centre bay -> E53 -> head/torso,none,-
H06a,H06_dock_to_charge_path,X1 RoboPad RPCOL90-100 collector +/-,U8 IN1 (single input) / X0R,charge input from pads (NPB-750: 11.3 A; conductor kept for the 25 A option),CHG 57.6 V,Lapp H07Z-K 90 C,2x(1x10),0.65,ring lug M6 (RoboPad),ferrule 10 mm2,"rear right (CAD stream: collector at y ~ -135, z ~ 120) -> right bay lower rear",none (twisted),"length <= 2 m (RoboPad external cable limit, SOURCED); U8 single input (bridging undocumented)"
H06b,H06_dock_to_charge_path,U8 OUT -> F7,K0:line stud (B48_RAW),charge current into the bus (pack side of K0),B48,Lapp H07Z-K 90 C,1x10,1.15,ferrule,ring lug M8,right bay lower rear -> under deck rear -> left bay,none,F7 32 A gPV at the B48 end
W26,-,X1 Hall + KS + RSIG,"XS24 / SR1 I2 (Hall), SR2 I1 (KS fb)",dock Hall sensor + signature resistor loop,S24 24 V / pad,Lapp OLFLEX CLASSIC 110 5G0.75,5x0.75,0.95,ferrule,RoboPad terminals,rear centre -> right bay lower rear,none,signature resistor across the pads only when KS is energised
W27,-,XS24,fans x5 + bay NTC,bay ventilation,S24 24 V,Lapp OLFLEX CLASSIC 110 2x0.5,2x0.5,3.00,ferrule,fan plug,side bays (front/rear covers) + centre front intake,none,-
W30,-,PNOZ SC0 O0,K1:A1/A2 (+ diode/Zener suppressor),K1 coil (arm feed safety contactor),S24 24 V,Lapp OLFLEX CLASSIC 110 2x0.75,2x0.75,0.45,ferrule,ferrule,right upper rail duct,none,"NEW rev B2: own multicore cable, separate from W31 (PL e prerequisite, V:P4)"
W31,-,PNOZ SC0 O0,K2:A1/A2 (+ diode/Zener suppressor),K2 coil,S24 24 V,Lapp OLFLEX CLASSIC 110 2x0.75,2x0.75,0.50,ferrule,ferrule,right upper rail duct (separate from W30),none,NEW rev B2: separate multicore cable (V:P4)
W32,-,PNOZ SC0 S0 (auxiliary output),KI4 PLC-RSC-24DC/21 A1/A2,interposing relay for the K4 coil (92 mA > 75 mA),S24 24 V,H05V-K 0.75 (panel wiring),2x0.75,0.30,ferrule,ferrule,right upper rail duct,none,NEW rev B2 (V:FI1/P7); KI4 contact -> K4 coil via H10a
